Name,Phone Number
"Consultório Odontológico Dra Taísa Coutinho - Aparelhos Dentais, Tratamento Canal, Atendimento Infantil, Extrações",47999741162
Dra Izabella Valente Neves - Consultório Odontológico,47991970022
Rivière Clínica Odontológica,47984680962
Via Dental Clínica Odontológica,4733487171
Dentelli Itajaí,4721251327
Lumière Odontologia | Dentista Itajaí | Implante Dentário Itajaí,47992930025
Dra Eulecia Casagrande Odontologia,47989057058
KeLin Odontologia,47992614857
Dra Isabella Lima,47992242826
Dra. Kátia Savelli Gomes (Odontologia),47988930318
Consultório União Itajaí (São Vicente),4733637574
Oral Vita Especialidades Odontológicas,4721250265
Rodrigo Campanholo Odontologia Estética e Implantes,47996636903
Odonto Vergueiro - Dentista 24 horas em Itajaí,47992170754
Dra Carolina Bonzanini,4735171335
Ortodoctor Itajaí - Centro,47996547619
Implaorto Itajaí,47997955784
Oral Unic,4730839090
OdontoCare Itajai Odontologia Especializada,47988629631
Odontoclinic - Itajaí,
Qualité Odontologia Integrada,47992890404
Vittale Odontologia Especializada | Urgências 24H,47988798778
Dra Sarah Pilati Estomatologista,48988020284
CEO - Centro de Especialidades Odontológicas de Itajaí,4732479778
EDENTAL Odontologia,4730457472
Dr. Charles Nabhan - Ortodontista & Protesista,47996674412
Primor Odontologia Especializada,47997356597
Mappi Odontologia - Itajaí,4733467602
Odonto Excellence,4721225656
Clínica Moon Odontologia,47988440079
Dra. Gabrielle Gomes Odontologia Especializada,47999542867
Dra Daniela Petrovcic - Odontologia Especializada,47991785707
Dom Sorriso Itajaí - Centro Odontológico,
Dra. Bruna Ramos e Dra. Gladis Spat,4730216637
REDEORTO Itajaí,4730217810
Dra. Juliana Andrade Araújo,4735140571
Dra Fabíola Scolari Schreiber,47997398237
Oral Brasil Implantes,47991434668
Clínica Dentária Popular,4730453565
Dent Kids Odontopediatria,4735157336
Odonto Excellence Itajaí - Fazenda,4730216252
"Dr Fábio Maestri - Facetas de Resina Premium, Lentes de Porcelana e Ortodontia em Itajaí",47991812675
Zanchett Odontologia,47989223314
Dra Thais Rother | Ortodontista,47992503737
Dra. Amanda Teotônio - Itajaí,47996812636
Dr. Lucas Bernhardt da Cruz & Dra. Vivian R. Castro da Cruz - ODONTOITAJAI,4730451060
Dra. Julia Kammer | Arte na Odontologia,47997371660
Clinics Odontologia,47996188000
FZ ODONTOLOGIA - Dr Felipe Zanella,47988323541
Dra. Karina Cestari - Ortodontia,47996059667
ATM Dentistas,4732481972
"OrthoDontic Itajaí SC | Aparelho Ortodôntico, Dentista, Clareamento Dental, Alinhador Invisível, Tratamento de Canal",47999321315
Dr. Franklin Valentin,47992301575
Dra Bruna Zardo,47984235153
Laudares Odontologia Itajaí,4730453510
Odonto Excellence,4733982793
OdontoMais Implantes,4720336118
Espaço Orto | Clínica Odontológica em Itajaí,4733444805
Sorrivita Odontologia - Clinica odontológica,47988580260
Odontologia Integrada São Vicente,47996017895
COE Centro de Odontologia Especializada,47984580642
Sorridents,4730217569
Clínica L'amitié Odontologia Especializada,4730837881
TH CENTRO ODONTOLÓGICO,4730750611
Dr. Gabriel De Nardi - Cirurgião Dentista,47991117943
Consultorio Odontológico Dra Bianca Prazeres,4733442245
Palmezan Odontologia,4730463197
Inttegra Odontologia Especializada,47996775889
Odontologia Integrada Cordeiros,47996512122
Consultório Dra Leonilda Terezinha Jaboinski,4733482871
AmorSaúde Itajaí.,4730213647
OdontoCompany,4735147504
Sbucal - Odontologia Especializada,47992176690
Consultório Odontológico Dra. Gabriela,4730118074
Dra. Mariana Heusi - Facetas em Porcelana Itajaí,47996500008
Odontoitajaí | Dr. Lucas e Dra. Vivian Cruz,4730451060
Moraes Mezadri Odontologia,4720336857
Grupo Odontológico,47991363371
Belles Odontologia - Odontologia Estética,4730217995
Instituto de Odontologia e Oftalmologia em Itajaí,47996317873
Consultório Odontológico Dr. Jorge Silva,47991598533
Vamos Sorrir Odontologia,4730750059
Consultório Dentário,47988977431
Sussek Odontologia,4733464259
Oral Pop Odontologia,4730463436
Dra. Luiza Schug Odontologia,47991671208
Kalid Hussein Wardani,4733461321
Vinícius Borges Dentista,47996458935
André Freitas Implantes e Odontologia Estética,47997238373
Maestri Odontologia,47991812675
Conquist Odontologia,4730469090
Beal odontologia,47992156787
L'espace Itajaí Odontologia Especializada,4730480651
Odonto Excellence - Cordeiros,4730832200
Odontologic odontologia e estética orofacial,47997017609
Clínica de Odontologia UNIVALI,4733417662
B.O Odontologia,4733486160
Consultório Odontológico Dr Glauco Miranda,47997087564
Consultório Odontológico Dr Marcelo Schroeder,4732466647
Uniodonto,4730455000
Harmonize Odontologia,47997492892
"OrthoDontic Itajaí | Aparelho Ortodôntico, Dentista, Clareamento Dental, Alinhador Invisível, Tratamento de Canal",47997440355
Dra Elisa Schmeling,4733444833
Dra. Kathiane Koepsel da Silva,4735144444
Dentista Itajaí,47997933258
Dentista Thaís Piccolo - Tratamento de Canal,47988354488
Od Odontologia,4733484799
Dr. Saulo Sirtoli,4733496839
Dentista Nayla Souza Lima - Itajaí,47989023361
Brava Odonto,4735145149
Talita Costa Couto Odontologia Integrada,4732280273
Cláudia Valente,47999122828
